<ImportExportXml version="9.1.0.25832" SolutionPackageVersion="9.1" languagecode="1033" generatedBy="CrmLive" xmlns:xsi="http://www.w3.org/2001/XMLSchema-instance">
  <SolutionManifest>
    <UniqueName>EmployeeIdeasExtended</UniqueName>
    <LocalizedNames>
      <LocalizedName description="Employee Ideas - Extended" languagecode="1033" />
    </LocalizedNames>
    <Descriptions />
    <Version>1.0.0.1</Version>
    <Managed>0</Managed>
    <Publisher>
      <UniqueName>Crc013d</UniqueName>
      <LocalizedNames>
        <LocalizedName description="CDS Default Publisher" languagecode="1033" />
      </LocalizedNames>
      <Descriptions />
      <EMailAddress xsi:nil="true"></EMailAddress>
      <SupportingWebsiteUrl xsi:nil="true"></SupportingWebsiteUrl>
      <CustomizationPrefix>cr2c5</CustomizationPrefix>
      <CustomizationOptionValuePrefix>53626</CustomizationOptionValuePrefix>
    </Publisher>
    <RootComponents>
      <RootComponent type="1" schemaName="msft_employeeidea" behavior="2" />
      <RootComponent type="29" id="{c5dcc2fc-862b-eb11-a813-000d3a86c446}" behavior="0" />
      <RootComponent type="29" id="{ca054ef8-e12d-eb11-a813-000d3a86c446}" behavior="0" />
    </RootComponents>
    <MissingDependencies>
      <MissingDependency>
        <Required key="0" type="1" schemaName="msft_employeeidea" displayName="Employee Idea" solution="MSFT_EmployeeIdeas (1.0.99.1)" />
        <Dependent key="0" type="1" schemaName="msft_employeeidea" displayName="Employee Idea" />
      </MissingDependency>
      <MissingDependency>
        <Required key="0" type="1" schemaName="msft_employeeidea" displayName="Employee Idea" solution="MSFT_EmployeeIdeas (1.0.99.1)" />
        <Dependent key="1" type="2" schemaName="cr2c5_workitemurl" displayName="Work Item URL" parentSchemaName="msft_employeeidea" parentDisplayName="Employee Idea" />
      </MissingDependency>
      <MissingDependency>
        <Required key="0" type="1" schemaName="msft_employeeidea" displayName="Employee Idea" solution="MSFT_EmployeeIdeas (1.0.99.1)" />
        <Dependent key="2" type="2" schemaName="cr2c5_workitemid" displayName="Work Item ID" parentSchemaName="msft_employeeidea" parentDisplayName="Employee Idea" />
      </MissingDependency>
      <MissingDependency>
        <Required key="0" type="1" schemaName="msft_employeeidea" displayName="Employee Idea" solution="MSFT_EmployeeIdeas (1.0.99.1)" />
        <Dependent key="3" type="29" displayName="When a record is created, updated or deleted -&gt; Terminate" id="{c5dcc2fc-862b-eb11-a813-000d3a86c446}" />
      </MissingDependency>
      <MissingDependency>
        <Required key="4" type="1" schemaName="msft_employeeidea_response" displayName="Employee Idea Response" solution="MSFT_EmployeeIdeas (1.0.99.1)" />
        <Dependent key="3" type="29" displayName="When a record is created, updated or deleted -&gt; Terminate" id="{c5dcc2fc-862b-eb11-a813-000d3a86c446}" />
      </MissingDependency>
      <MissingDependency>
        <Required key="5" type="1" schemaName="msft_employeeidea_file" displayName="Employee Idea File" solution="MSFT_EmployeeIdeas (1.0.99.1)" />
        <Dependent key="3" type="29" displayName="When a record is created, updated or deleted -&gt; Terminate" id="{c5dcc2fc-862b-eb11-a813-000d3a86c446}" />
      </MissingDependency>
      <MissingDependency>
        <Required key="0" type="1" schemaName="msft_employeeidea" displayName="Employee Idea" solution="MSFT_EmployeeIdeas (1.0.99.1)" />
        <Dependent key="6" type="29" displayName="When a record is created, updated or deleted -&gt; Create a work item,..." id="{ca054ef8-e12d-eb11-a813-000d3a86c446}" />
      </MissingDependency>
      <MissingDependency>
        <Required key="4" type="1" schemaName="msft_employeeidea_response" displayName="Employee Idea Response" solution="MSFT_EmployeeIdeas (1.0.99.1)" />
        <Dependent key="6" type="29" displayName="When a record is created, updated or deleted -&gt; Create a work item,..." id="{ca054ef8-e12d-eb11-a813-000d3a86c446}" />
      </MissingDependency>
      <MissingDependency>
        <Required key="5" type="1" schemaName="msft_employeeidea_file" displayName="Employee Idea File" solution="MSFT_EmployeeIdeas (1.0.99.1)" />
        <Dependent key="6" type="29" displayName="When a record is created, updated or deleted -&gt; Create a work item,..." id="{ca054ef8-e12d-eb11-a813-000d3a86c446}" />
      </MissingDependency>
    </MissingDependencies>
  </SolutionManifest>
</ImportExportXml>