{"properties":{"connectionReferences":{"shared_visualstudioteamservices":{"runtimeSource":"embedded","connection":{"connectionReferenceLogicalName":"cr2c5_sharedvisualstudioteamservices_7636d"},"api":{"name":"shared_visualstudioteamservices"}},"shared_commondataserviceforapps":{"runtimeSource":"embedded","connection":{"connectionReferenceLogicalName":"cr2c5_sharedcommondataserviceforapps_57162"},"api":{"name":"shared_commondataserviceforapps"}}},"definition":{"$schema":"https://schema.management.azure.com/providers/Microsoft.Logic/schemas/2016-06-01/workflowdefinition.json#","contentVersion":"1.0.0.0","parameters":{"$connections":{"defaultValue":{},"type":"Object"},"$authentication":{"defaultValue":{},"type":"SecureObject"}},"triggers":{"When_a_record_is_created,_updated_or_deleted":{"type":"OpenApiConnectionWebhook","inputs":{"host":{"connectionName":"shared_commondataserviceforapps","operationId":"SubscribeWebhookTrigger","apiId":"/providers/Microsoft.PowerApps/apis/shared_commondataserviceforapps"},"parameters":{"subscriptionRequest/message":1,"subscriptionRequest/entityname":"msft_employeeidea","subscriptionRequest/scope":4},"authentication":"@parameters('$authentication')"}}},"actions":{"Initialize_varResponsesText":{"runAfter":{},"type":"InitializeVariable","inputs":{"variables":[{"name":"varResponsesText","type":"string"}]}},"Create_the_work_item":{"actions":{"Create_a_work_item":{"runAfter":{},"type":"OpenApiConnection","inputs":{"host":{"connectionName":"shared_visualstudioteamservices","operationId":"CreateWorkItem","apiId":"/providers/Microsoft.PowerApps/apis/shared_visualstudioteamservices"},"parameters":{"account":"freefall365","project":"Closing Pin Ltd","type":"User Story","workItem/title":"@triggerOutputs()?['body/msft_name']","workItem/description":"@triggerOutputs()?['body/msft_description']"},"authentication":"@parameters('$authentication')"}},"Update_a_record":{"runAfter":{"Create_a_work_item":["Succeeded"]},"type":"OpenApiConnection","inputs":{"host":{"connectionName":"shared_commondataserviceforapps","operationId":"UpdateRecord","apiId":"/providers/Microsoft.PowerApps/apis/shared_commondataserviceforapps"},"parameters":{"entityName":"msft_employeeideas","recordId":"@triggerOutputs()?['body/msft_employeeideaid']","item/cr2c5_workitemid":"@outputs('Create_a_work_item')?['body/id']","item/cr2c5_workitemurl":"@outputs('Create_a_work_item')?['body/url']"},"authentication":"@parameters('$authentication')"}}},"runAfter":{"Initialize_varResponsesText":["Succeeded"]},"type":"Scope"},"Add_Comments_to_Work_Item":{"actions":{"List_Responses":{"runAfter":{},"type":"OpenApiConnection","inputs":{"host":{"connectionName":"shared_commondataserviceforapps","operationId":"ListRecords","apiId":"/providers/Microsoft.PowerApps/apis/shared_commondataserviceforapps"},"parameters":{"entityName":"msft_employeeidea_responses","$filter":"(_msft_employeeideaid_value eq @{triggerOutputs()?['body/msft_employeeideaid']})"},"authentication":"@parameters('$authentication')"}},"Apply_to_each":{"foreach":"@outputs('List_Responses')?['body/value']","actions":{"Set_varResponsesText":{"runAfter":{},"type":"SetVariable","inputs":{"name":"varResponsesText","value":"@{items('Apply_to_Each')?['_msft_employeeidea_questionid_value@OData.Community.Display.V1.FormattedValue']} @{items('Apply_to_each')?['msft_responserating']}"}},"Add_the_response_to_the_work_item":{"runAfter":{"Set_varResponsesText":["Succeeded"]},"type":"OpenApiConnection","inputs":{"host":{"connectionName":"shared_visualstudioteamservices","operationId":"HttpRequest","apiId":"/providers/Microsoft.PowerApps/apis/shared_visualstudioteamservices"},"parameters":{"account":"freefall365","parameters/Method":"POST","parameters/Uri":"Closing%20Pin%20Ltd/_apis/wit/workItems/@{outputs('Create_a_work_item')?['body/id']}/comments?api-version=6.1-preview.3","parameters/Body":"  {\n    \"text\": \"@{variables('varResponsesText')}\"\n  }"},"authentication":"@parameters('$authentication')"}}},"runAfter":{"List_Responses":["Succeeded"]},"type":"Foreach"}},"runAfter":{"Create_the_work_item":["Succeeded"]},"type":"Scope"},"Add_Attachments_to_work_item":{"actions":{"List_Files":{"runAfter":{},"type":"OpenApiConnection","inputs":{"host":{"connectionName":"shared_commondataserviceforapps","operationId":"ListRecords","apiId":"/providers/Microsoft.PowerApps/apis/shared_commondataserviceforapps"},"parameters":{"entityName":"msft_employeeidea_files","$filter":"(_msft_employeeideaid_value eq @{triggerOutputs()?['body/msft_employeeideaid']})"},"authentication":"@parameters('$authentication')"}},"Apply_to_each_2":{"foreach":"@outputs('List_Files')?['body/value']","actions":{"Get_file_or_image_content":{"runAfter":{},"type":"OpenApiConnection","inputs":{"host":{"connectionName":"shared_commondataserviceforapps","operationId":"GetEntityFileImageFieldContent","apiId":"/providers/Microsoft.PowerApps/apis/shared_commondataserviceforapps"},"parameters":{"entityName":"msft_employeeidea_files","recordId":"@items('Apply_to_each_2')?['msft_employeeidea_fileid']","fileImageFieldName":"msft_file"},"authentication":"@parameters('$authentication')"}},"Upload_the_file_to_Azure_DevOps":{"runAfter":{"Get_file_or_image_content":["Succeeded"]},"type":"OpenApiConnection","inputs":{"host":{"connectionName":"shared_visualstudioteamservices","operationId":"HttpRequest","apiId":"/providers/Microsoft.PowerApps/apis/shared_visualstudioteamservices"},"parameters":{"account":"freefall365","parameters/Method":"POST","parameters/Uri":"Closing%20Pin%20Ltd/_apis/wit/attachments?fileName=@{items('Apply_to_each_2')?['msft_name']}&api-version=6.0","parameters/Body":"@base64(outputs('Get_file_or_image_content')?['body'])","parameters/IsBase64":true},"authentication":"@parameters('$authentication')"}},"Parse_JSON":{"runAfter":{"Upload_the_file_to_Azure_DevOps":["Succeeded"]},"type":"ParseJson","inputs":{"content":"@outputs('Upload_the_file_to_Azure_DevOps')?['body']","schema":{"type":"object","properties":{"id":{"type":"string"},"url":{"type":"string"}}}}},"Link_the_file_to_the_work_item":{"runAfter":{"Parse_JSON":["Succeeded"]},"type":"OpenApiConnection","inputs":{"host":{"connectionName":"shared_visualstudioteamservices","operationId":"HttpRequest","apiId":"/providers/Microsoft.PowerApps/apis/shared_visualstudioteamservices"},"parameters":{"account":"freefall365","parameters/Method":"PATCH","parameters/Uri":"Closing%20Pin%20Ltd/_apis/wit/workItems/@{outputs('Create_a_work_item')?['body/id']}/?api-version=6.0","parameters/Headers":{"Content-Type":"application/json-patch+json"},"parameters/Body":"[\n  {\n    'op': 'add',\n    'path': '/relations/-',\n    'value': {\n      'rel': 'AttachedFile',\n      'url': '@{body('Parse_JSON')?['url']}',\n      'attributes': {\n        'comment': 'Attachment'\n      }\n    }\n  }\n]","parameters/IsBase64":false},"authentication":"@parameters('$authentication')"}}},"runAfter":{"List_Files":["Succeeded"]},"type":"Foreach"}},"runAfter":{"Add_Comments_to_Work_Item":["Succeeded"]},"type":"Scope"},"Add_image_to_work_item":{"actions":{"Get_the_cover_image_content":{"runAfter":{},"type":"OpenApiConnection","inputs":{"host":{"connectionName":"shared_commondataserviceforapps","operationId":"GetEntityFileImageFieldContent","apiId":"/providers/Microsoft.PowerApps/apis/shared_commondataserviceforapps"},"parameters":{"entityName":"msft_employeeideas","recordId":"@outputs('Update_a_record')?['body/msft_employeeideaid']","fileImageFieldName":"msft_coverimage"},"authentication":"@parameters('$authentication')"}},"Upload_the_cover_image_to_Azure_DevOps":{"runAfter":{"Get_the_cover_image_content":["Succeeded"]},"type":"OpenApiConnection","inputs":{"host":{"connectionName":"shared_visualstudioteamservices","operationId":"HttpRequest","apiId":"/providers/Microsoft.PowerApps/apis/shared_visualstudioteamservices"},"parameters":{"account":"freefall365","parameters/Method":"POST","parameters/Uri":"Closing%20Pin%20Ltd/_apis/wit/attachments?fileName=coverImage.png&api-version=6.0","parameters/Body":"@base64(outputs('Get_the_cover_image_content')?['body'])","parameters/IsBase64":true},"authentication":"@parameters('$authentication')"}},"Parse_JSON_2":{"runAfter":{"Upload_the_cover_image_to_Azure_DevOps":["Succeeded"]},"type":"ParseJson","inputs":{"content":"@outputs('Upload_the_cover_image_to_Azure_DevOps')?['body']","schema":{"type":"object","properties":{"id":{"type":"string"},"url":{"type":"string"}}}}},"Link_the_cover_image_to_the_work_item":{"runAfter":{"Parse_JSON_2":["Succeeded"]},"type":"OpenApiConnection","inputs":{"host":{"connectionName":"shared_visualstudioteamservices","operationId":"HttpRequest","apiId":"/providers/Microsoft.PowerApps/apis/shared_visualstudioteamservices"},"parameters":{"account":"freefall365","parameters/Method":"PATCH","parameters/Uri":"Closing%20Pin%20Ltd/_apis/wit/workItems/@{outputs('Create_a_work_item')?['body/id']}/?api-version=6.0","parameters/Headers":{"Content-Type":"application/json-patch+json"},"parameters/Body":"[\n  {\n    'op': 'add',\n    'path': '/relations/-',\n    'value': {\n      'rel': 'AttachedFile',\n      'url': '@{body('Parse_JSON_2')?['url']}',\n      'attributes': {\n        'comment': 'Cover Image'\n      }\n    }\n  }\n]","parameters/IsBase64":false},"authentication":"@parameters('$authentication')"}}},"runAfter":{"Add_Attachments_to_work_item":["Succeeded"]},"type":"Scope"}},"outputs":{}}},"schemaVersion":"1.0.0.0"}